神瑛侍者,警幻仙子,"('师生', 0.9146773219108582)"
贾敬,贾敷,"('unknown', 0.9911606907844543)"
贾代化,贾敷,"('父母', 0.8965156078338623)"
贾代化,贾敬,"('unknown', 0.5481115579605103)"
贾珍,贾敬,"('父母', 0.9974406957626343)"
贾蓉,贾珍,"('父母', 0.9993302822113037)"
贾代善,贾赦,"('父母', 0.9830104112625122)"
贾政,贾赦,"('兄弟姐妹', 0.9985417127609253)"
贾政,贾代善,"('父母', 0.9476783275604248)"
贾琏,王夫人,"('夫妻', 0.8311103582382202)"
林如海,贾政,"('兄弟姐妹', 0.9957043528556824)"
冷子兴,贾政,"('unknown', 0.6896429657936096)"
冷子兴,林如海,"('unknown', 0.9174937009811401)"
贾赦,王熙凤,"('父母', 0.9765234589576721)"
贾琏,王熙凤,"('夫妻', 0.9717796444892883)"
贾琏,贾赦,"('父母', 0.952176034450531)"
邢夫人,贾赦,"('夫妻', 0.917596161365509)"
李纨,王夫人,"('unknown', 0.9959892630577087)"
贾珠,王夫人,"('父母', 0.846625566482544)"
贾珠,李纨,"('夫妻', 0.9988538026809692)"
李纨,王夫人,"('unknown', 0.6574536561965942)"
雪雁,王嬷嬷,"('unknown', 0.9700692892074585)"
雪雁,王嬷嬷,"('unknown', 0.9761525392532349)"
袭人,李嬷嬷,"('unknown', 0.8918954730033875)"
王嬷嬷,李嬷嬷,"('父母', 0.7224589586257935)"
王嬷嬷,袭人,"('unknown', 0.9911848902702332)"
珍珠,袭人,"('祖孙', 0.7750707864761353)"
贾珠,贾兰,"('父母', 0.9946889877319336)"
李纨,李守中,"('父母', 0.9995728135108948)"
冯渊,拐子,"('情侣', 0.8229137063026428)"
王子腾,贾政,"('unknown', 0.9870469570159912)"
薛蟠,冯渊,"('夫妻', 0.9619758129119873)"
王子腾,贾政,"('unknown', 0.807529866695404)"
薛蟠,贾政,"('夫妻', 0.9887735247612)"
薛蟠,王子腾,"('夫妻', 0.6847627758979797)"
薛蟠,冯渊,"('夫妻', 0.987037181854248)"
薛蟠,王子腾,"('夫妻', 0.99953293800354)"
贾雨村,王夫人,"('夫妻', 0.8832652568817139)"
薛蟠,王夫人,"('夫妻', 0.8616930842399597)"
薛蟠,贾雨村,"('unknown', 0.628373384475708)"
薛姨妈,王夫人,"('兄弟姐妹', 0.9926615953445435)"
薛姨妈,王夫人,"('兄弟姐妹', 0.9967240691184998)"
贾政,贾赦,"('兄弟姐妹', 0.9985061287879944)"
贾珍,贾赦,"('unknown', 0.9733004570007324)"
贾琏,贾赦,"('父母', 0.9926382303237915)"
薛蟠,贾赦,"('unknown', 0.9543896913528442)"
贾珍,贾政,"('unknown', 0.9634909629821777)"
贾琏,贾政,"('unknown', 0.9845986366271973)"
薛蟠,贾政,"('unknown', 0.9973528385162354)"
贾琏,贾珍,"('unknown', 0.9779691696166992)"
薛蟠,贾珍,"('unknown', 0.9821844100952148)"
薛蟠,贾琏,"('unknown', 0.8793340921401978)"
薛姨妈,王夫人,"('兄弟姐妹', 0.9959510564804077)"
薛姨妈,王夫人,"('兄弟姐妹', 0.9964189529418945)"
薛蟠,贾珍,"('夫妻', 0.921707272529602)"
尤氏,邢夫人,"('unknown', 0.9195466041564941)"
王夫人,邢夫人,"('unknown', 0.9532944560050964)"
贾珍,邢夫人,"('unknown', 0.9952182173728943)"
贾蓉,邢夫人,"('unknown', 0.9946395754814148)"
王夫人,尤氏,"('unknown', 0.9910712242126465)"
贾珍,尤氏,"('unknown', 0.9785494208335876)"
贾蓉,尤氏,"('unknown', 0.994515597820282)"
贾珍,王夫人,"('unknown', 0.9821560978889465)"
贾蓉,王夫人,"('unknown', 0.9808502793312073)"
贾蓉,贾珍,"('父母', 0.9988715052604675)"
麝月,袭人,"('unknown', 0.9987543821334839)"
晴雯,袭人,"('unknown', 0.9917410612106323)"
秋纹,袭人,"('unknown', 0.9966297745704651)"
晴雯,麝月,"('unknown', 0.9670920968055725)"
秋纹,麝月,"('unknown', 0.9959090948104858)"
秋纹,晴雯,"('unknown', 0.9558724761009216)"
痴梦仙姑,引愁金女,"('unknown', 0.6082724332809448)"
度恨菩提,引愁金女,"('夫妻', 0.945321798324585)"
钟情大士,引愁金女,"('夫妻', 0.9197145700454712)"
度恨菩提,痴梦仙姑,"('unknown', 0.955530047416687)"
钟情大士,痴梦仙姑,"('同门', 0.429992139339447)"
钟情大士,度恨菩提,"('同门', 0.47601598501205444)"
王夫人,王熙凤,"('父母', 0.6209500432014465)"
板儿,青儿,"('兄弟姐妹', 0.6183884739875793)"
刘氏,青儿,"('unknown', 0.9979752898216248)"
王成,青儿,"('父母', 0.9494829773902893)"
刘氏,板儿,"('unknown', 0.9971508383750916)"
王成,板儿,"('父母', 0.9572101831436157)"
王成,刘氏,"('unknown', 0.6219406723976135)"
周瑞,板儿,"('父母', 0.5945728421211243)"
板儿,刘姥姥,"('父母', 0.9970155954360962)"
板儿,刘姥姥,"('父母', 0.753581166267395)"
周瑞家的,刘姥姥,"('unknown', 0.9626709818840027)"
周瑞,刘姥姥,"('父母', 0.7298591136932373)"
周瑞家的,刘姥姥,"('父母', 0.49409106373786926)"
周瑞,刘姥姥,"('父母', 0.9826034903526306)"
板儿,刘姥姥,"('unknown', 0.9627406001091003)"
周瑞家的,刘姥姥,"('unknown', 0.9742690920829773)"
周瑞,刘姥姥,"('unknown', 0.974516749382019)"
贾琏,刘姥姥,"('unknown', 0.9895777702331543)"
周瑞家的,板儿,"('unknown', 0.9993263483047485)"
周瑞,板儿,"('unknown', 0.9861329793930054)"
贾琏,板儿,"('夫妻', 0.8862123489379883)"
贾琏,周瑞家的,"('夫妻', 0.8179910778999329)"
贾琏,周瑞,"('夫妻', 0.7488667368888855)"
刘姥姥,平儿,"('父母', 0.9943639039993286)"
周瑞家的,平儿,"('unknown', 0.9986028075218201)"
周瑞,平儿,"('unknown', 0.9903359413146973)"
周瑞家的,刘姥姥,"('unknown', 0.9973145127296448)"
周瑞,刘姥姥,"('unknown', 0.9965584874153137)"
周瑞家的,刘姥姥,"('父母', 0.630773663520813)"
周瑞,刘姥姥,"('父母', 0.5069888830184937)"
周瑞家的,平儿,"('unknown', 0.981069803237915)"
周瑞,平儿,"('父母', 0.8106240630149841)"
刘姥姥,平儿,"('父母', 0.989582896232605)"
周瑞家的,平儿,"('unknown', 0.9731258749961853)"
周瑞,平儿,"('夫妻', 0.6012360453605652)"
周瑞家的,刘姥姥,"('unknown', 0.5135079622268677)"
周瑞,刘姥姥,"('父母', 0.8843197226524353)"
板儿,刘姥姥,"('父母', 0.9694617390632629)"
板儿,刘姥姥,"('父母', 0.9849216341972351)"
板儿,刘姥姥,"('父母', 0.9905744194984436)"
板儿,刘姥姥,"('unknown', 0.9948523640632629)"
周瑞家的,刘姥姥,"('unknown', 0.9851548075675964)"
周瑞,刘姥姥,"('unknown', 0.9252520203590393)"
周瑞家的,板儿,"('unknown', 0.9936577677726746)"
周瑞,板儿,"('父母', 0.9576239585876465)"
板儿,刘姥姥,"('父母', 0.8863736391067505)"
周瑞家的,刘姥姥,"('unknown', 0.8977951407432556)"
周瑞,刘姥姥,"('unknown', 0.505184531211853)"
周瑞家的,板儿,"('unknown', 0.9995050430297852)"
周瑞,板儿,"('unknown', 0.9949048757553101)"
板儿,刘姥姥,"('父母', 0.8337516784667969)"
刘姥姥,平儿,"('父母', 0.9749082922935486)"
周瑞家的,刘姥姥,"('unknown', 0.9619370698928833)"
周瑞,刘姥姥,"('父母', 0.9742234945297241)"
刘姥姥,王夫人,"('父母', 0.594028651714325)"
周瑞家的,王夫人,"('unknown', 0.9918295741081238)"
周瑞,王夫人,"('父母', 0.6422072052955627)"
周瑞家的,刘姥姥,"('unknown', 0.9469901323318481)"
周瑞,刘姥姥,"('unknown', 0.8749268651008606)"
薛姨妈,王夫人,"('兄弟姐妹', 0.9667925834655762)"
金钏,王夫人,"('父母', 0.6582341194152832)"
薛姨妈,王夫人,"('兄弟姐妹', 0.9893786311149597)"
薛姨妈,刘姥姥,"('兄弟姐妹', 0.8331173658370972)"
周瑞家的,刘姥姥,"('unknown', 0.9797206521034241)"
周瑞,刘姥姥,"('父母', 0.6431359648704529)"
周瑞家的,薛姨妈,"('兄弟姐妹', 0.9632555246353149)"
周瑞,薛姨妈,"('兄弟姐妹', 0.5829528570175171)"
周瑞家的,王夫人,"('unknown', 0.8224579691886902)"
周瑞,王夫人,"('父母', 0.9496893286705017)"
智能,周瑞家的,"('unknown', 0.9982820749282837)"
周瑞,智能,"('unknown', 0.9451528787612915)"
周瑞家的,平儿,"('unknown', 0.9973594546318054)"
周瑞,平儿,"('unknown', 0.8868107199668884)"
尤氏,贾蓉之妻,"('unknown', 0.9936821460723877)"
贾珍,贾蓉之妻,"('父母', 0.8679897785186768)"
贾珍,尤氏,"('unknown', 0.9317070841789246)"
贾蓉,尤氏,"('unknown', 0.9907363057136536)"
贾蓉,贾珍,"('父母', 0.9986888766288757)"
尤氏,秦钟,"('父母', 0.6882858276367188)"
焦大,贾珍,"('父母', 0.94797682762146)"
赖二,贾珍,"('unknown', 0.925518810749054)"
赖二,焦大,"('unknown', 0.9963269829750061)"
贾蓉,焦大,"('父母', 0.8065259456634521)"
焦大,贾珍,"('父母', 0.9671418070793152)"
薛姨妈,李嬷嬷,"('兄弟姐妹', 0.805548369884491)"
贾蓉,秦钟,"('父母', 0.4270923435688019)"
秦业,秦钟,"('父母', 0.9994971752166748)"
贾代儒,秦钟,"('师生', 0.6229860186576843)"
冯紫英,张友士,"('同门', 0.9325953125953674)"
贾蓉,尤氏,"('父母', 0.5695664286613464)"
贾蓉,张友士,"('unknown', 0.5143479704856873)"
贾蓉,贾珍,"('父母', 0.9989163875579834)"
贾珍,贾敬,"('父母', 0.9795140027999878)"
贾蓉,贾敬,"('父母', 0.8060461282730103)"
贾蓉,贾珍,"('父母', 0.998589813709259)"
贾琏,贾蔷,"('父母', 0.909898579120636)"
王夫人,邢夫人,"('兄弟姐妹', 0.9220209121704102)"
尤氏,邢夫人,"('unknown', 0.7359191179275513)"
王夫人,邢夫人,"('unknown', 0.9726983308792114)"
王夫人,尤氏,"('unknown', 0.9687358140945435)"
贾蓉,尤氏,"('unknown', 0.9669206142425537)"
王夫人,尤氏,"('unknown', 0.9856167435646057)"
王夫人,邢夫人,"('unknown', 0.5896915197372437)"
王夫人,邢夫人,"('兄弟姐妹', 0.4958876371383667)"
贾代儒,贾瑞,"('祖孙', 0.9945822358131409)"
贾蓉,贾蔷,"('unknown', 0.9659886956214905)"
贾瑞,贾蔷,"('父母', 0.8330219984054565)"
贾瑞,贾蓉,"('父母', 0.9963428378105164)"
贾瑞,贾蓉,"('父母', 0.9975996613502502)"
贾琏,平儿,"('夫妻', 0.9961493015289307)"
贾琏,平儿,"('夫妻', 0.9995108842849731)"
贾珍,尤氏,"('unknown', 0.6804943680763245)"
尤氏,秦钟,"('unknown', 0.8550342917442322)"
秦业,秦钟,"('兄弟姐妹', 0.9945571422576904)"
秦业,尤氏,"('unknown', 0.9873149394989014)"
贾珍,贾政,"('兄弟姐妹', 0.9002131223678589)"
贾蓉,贾珍,"('父母', 0.9986842274665833)"
贾珍,戴权,"('unknown', 0.9936834573745728)"
贾蓉,戴权,"('unknown', 0.9993353486061096)"
贾蓉,贾珍,"('父母', 0.9988048076629639)"
贾蓉,贾珍,"('父母', 0.9986891150474548)"
贾珍,尤氏,"('夫妻', 0.6437551975250244)"
王夫人,邢夫人,"('unknown', 0.9216342568397522)"
贾珍,邢夫人,"('父母', 0.8348718881607056)"
贾珍,王夫人,"('unknown', 0.5527554154396057)"
贾珍,尤氏,"('unknown', 0.939382016658783)"
贾珍,王夫人,"('父母', 0.9024513363838196)"
贾珍,王夫人,"('父母', 0.8907513618469238)"
贾琏,昭儿,"('夫妻', 0.9958826303482056)"
平儿,昭儿,"('夫妻', 0.5891289710998535)"
贾政,贾赦,"('兄弟姐妹', 0.9991331696510315)"
贾珍,贾赦,"('unknown', 0.6989212036132812)"
贾珍,贾政,"('unknown', 0.9776185154914856)"
贾政,水溶,"('兄弟姐妹', 0.8628723621368408)"
贾政,水溶,"('兄弟姐妹', 0.7902843356132507)"
贾蓉,贾珍,"('父母', 0.9991673231124878)"
智能,秦钟,"('夫妻', 0.8070454001426697)"
智能,秦钟,"('情侣', 0.7211630344390869)"
智能,秦钟,"('情侣', 0.994071900844574)"
净虚,贾珍,"('父母', 0.9008386731147766)"
智能,秦钟,"('情侣', 0.9606004953384399)"
贾赦,贾蔷,"('父母', 0.971269965171814)"
贾珍,贾蔷,"('unknown', 0.6560308337211609)"
贾蓉,贾蔷,"('unknown', 0.6742461323738098)"
贾珍,贾赦,"('unknown', 0.8000643253326416)"
贾蓉,贾赦,"('unknown', 0.8761596083641052)"
贾蓉,贾珍,"('父母', 0.9945177435874939)"
秦业,秦钟,"('兄弟姐妹', 0.5128085017204285)"
智能,秦钟,"('夫妻', 0.4103890359401703)"
智能,秦业,"('unknown', 0.9962934851646423)"
贾琏,贾政,"('父母', 0.8826884031295776)"
贾琏,赵嬷嬷,"('夫妻', 0.37580934166908264)"
贾琏,平儿,"('夫妻', 0.9995840191841125)"
贾琏,平儿,"('夫妻', 0.9985987544059753)"
贾蓉,贾蔷,"('unknown', 0.8975092768669128)"
卜固修,贾蔷,"('unknown', 0.9901992678642273)"
单聘仁,贾蔷,"('unknown', 0.9445028901100159)"
单聘仁,卜固修,"('unknown', 0.9299212098121643)"
贾琏,贾蔷,"('父母', 0.9632214307785034)"
贾蓉,贾蔷,"('unknown', 0.9851293563842773)"
贾琏,贾蔷,"('父母', 0.986794650554657)"
贾琏,贾蓉,"('unknown', 0.9813581109046936)"
赵嬷嬷,贾蔷,"('unknown', 0.9667298793792725)"
贾琏,贾蔷,"('父母', 0.9529813528060913)"
贾政,贾赦,"('兄弟姐妹', 0.9990384578704834)"
贾琏,贾赦,"('父母', 0.9992061257362366)"
贾琏,贾政,"('unknown', 0.8768649101257324)"
贾政,贾赦,"('兄弟姐妹', 0.9986960291862488)"
贾珍,贾赦,"('unknown', 0.985474705696106)"
贾琏,贾赦,"('父母', 0.9901624917984009)"
贾珍,贾政,"('unknown', 0.9392542243003845)"
贾琏,贾政,"('unknown', 0.9591240286827087)"
贾琏,贾珍,"('unknown', 0.9543988108634949)"
秦钟,茗烟,"('父母', 0.44782739877700806)"
贾珍,贾政,"('兄弟姐妹', 0.9750519394874573)"
贾珍,贾政,"('兄弟姐妹', 0.8783086538314819)"
昭容,贾赦,"('unknown', 0.976965069770813)"
贾政,贾赦,"('兄弟姐妹', 0.999321460723877)"
贾政,昭容,"('unknown', 0.9453977942466736)"
昭容,史太君,"('夫妻', 0.4650680422782898)"
李纨,尤氏,"('unknown', 0.8708756566047668)"
贾琏,贾珍,"('unknown', 0.7407978773117065)"
薛蟠,贾珍,"('unknown', 0.9895937442779541)"
薛蟠,贾琏,"('unknown', 0.7186504006385803)"
花自芳,袭人,"('兄弟姐妹', 0.9558786153793335)"
袭人,茗烟,"('祖孙', 0.8458433151245117)"
袭人,茗烟,"('unknown', 0.9994589686393738)"
花自芳,茗烟,"('兄弟姐妹', 0.3014237880706787)"
花自芳,袭人,"('同门', 0.39608582854270935)"
袭人,李嬷嬷,"('父母', 0.9727602601051331)"
袭人,李嬷嬷,"('unknown', 0.8038727045059204)"
薛姨妈,袭人,"('兄弟姐妹', 0.9897387623786926)"
香菱,莺儿,"('unknown', 0.9902835488319397)"
贾环,莺儿,"('父母', 0.4260407090187073)"
贾环,香菱,"('父母', 0.6792212724685669)"
莺儿,赵姨娘,"('父母', 0.7445859909057617)"
贾环,赵姨娘,"('父母', 0.9846504926681519)"
贾环,莺儿,"('父母', 0.9046466946601868)"
贾环,赵姨娘,"('父母', 0.9018827676773071)"
贾政,王夫人,"('夫妻', 0.9955533146858215)"
贾环,王夫人,"('父母', 0.6571778655052185)"
贾环,贾政,"('兄弟姐妹', 0.9978910088539124)"
贾政,王夫人,"('夫妻', 0.999467670917511)"
鸳鸯,袭人,"('unknown', 0.9205377101898193)"
贾琏,贾芸,"('父母', 0.9722565412521362)"
贾琮,邢夫人,"('父母', 0.9157469868659973)"
贾环,贾兰,"('父母', 0.991547167301178)"
贾兰,邢夫人,"('unknown', 0.960054337978363)"
贾环,邢夫人,"('父母', 0.9189513921737671)"
贾环,贾兰,"('父母', 0.9777790307998657)"
贾环,贾兰,"('父母', 0.8654826879501343)"
薛姨妈,王夫人,"('兄弟姐妹', 0.9939731955528259)"
贾环,王夫人,"('父母', 0.9795792102813721)"
赵姨娘,王夫人,"('父母', 0.8263193368911743)"
贾环,王夫人,"('父母', 0.9920594692230225)"
贾环,赵姨娘,"('父母', 0.9375011920928955)"
赵姨娘,王夫人,"('父母', 0.9840952754020691)"
王夫人,袭人,"('父母', 0.7663397789001465)"
赵姨娘,马道婆,"('夫妻', 0.9642533659934998)"
贾环,赵姨娘,"('父母', 0.9181841015815735)"
贾环,贾政,"('父母', 0.5097677707672119)"
赵姨娘,马道婆,"('夫妻', 0.9939296245574951)"
赵姨娘,马道婆,"('夫妻', 0.7838544249534607)"
贾政,贾赦,"('兄弟姐妹', 0.9993120431900024)"
薛蟠,茗烟,"('夫妻', 0.9966835379600525)"
薛蟠,程日兴,"('夫妻', 0.9992988109588623)"
薛蟠,詹光,"('unknown', 0.9411565065383911)"
冯紫英,冯唐,"('父母', 0.9992367029190063)"
贾政,袭人,"('夫妻', 0.6103872656822205)"
小红,贾芸,"('夫妻', 0.972195565700531)"
坠儿,贾芸,"('夫妻', 0.5589041709899902)"
坠儿,小红,"('unknown', 0.6266042590141296)"
坠儿,小红,"('父母', 0.6038765907287598)"
坠儿,小红,"('父母', 0.9926160573959351)"
张材家的,平儿,"('父母', 0.6689810156822205)"
小红,袭人,"('unknown', 0.9861598610877991)"
李纨,平儿,"('夫妻', 0.5328208804130554)"
小红,平儿,"('父母', 0.8216914534568787)"
小红,李纨,"('unknown', 0.9595667123794556)"
李纨,赖大,"('父母', 0.8420294523239136)"
小红,赖大,"('unknown', 0.9284735321998596)"
小红,李纨,"('unknown', 0.9903327822685242)"
贾环,赵姨娘,"('父母', 0.6475462317466736)"
云儿,茗烟,"('unknown', 0.8050879240036011)"
蒋玉菡,茗烟,"('unknown', 0.9926483035087585)"
薛蟠,茗烟,"('夫妻', 0.913205623626709)"
蒋玉菡,云儿,"('unknown', 0.9759080410003662)"
薛蟠,云儿,"('夫妻', 0.9739561080932617)"
薛蟠,蒋玉菡,"('夫妻', 0.9798540472984314)"
薛蟠,云儿,"('夫妻', 0.9994578957557678)"
冯紫英,云儿,"('父母', 0.7276745438575745)"
薛蟠,袭人,"('夫妻', 0.9992274045944214)"
云儿,袭人,"('unknown', 0.9996534585952759)"
蒋玉菡,袭人,"('父母', 0.9718091487884521)"
蒋玉菡,云儿,"('父母', 0.9908424615859985)"
薛蟠,蒋玉菡,"('夫妻', 0.9927170276641846)"
小红,袭人,"('夫妻', 0.983915388584137)"
薛姨妈,王夫人,"('兄弟姐妹', 0.9961045980453491)"
李纨,薛姨妈,"('兄弟姐妹', 0.8446703553199768)"
贾珍,林之孝,"('父母', 0.9011450409889221)"
贾蓉,贾珍,"('父母', 0.9972355961799622)"
贾珍,张道士,"('父母', 0.4011762738227844)"
贾珍,张道士,"('夫妻', 0.8168066143989563)"
贾蓉,尤氏,"('unknown', 0.784252941608429)"
紫鹃,袭人,"('unknown', 0.9991462230682373)"
雪雁,袭人,"('兄弟姐妹', 0.46826788783073425)"
雪雁,紫鹃,"('夫妻', 0.9553965330123901)"
雪雁,紫鹃,"('夫妻', 0.9602628946304321)"
紫鹃,袭人,"('unknown', 0.995259702205658)"
紫鹃,袭人,"('夫妻', 0.9944522976875305)"
紫鹃,袭人,"('unknown', 0.8643003702163696)"
金钏,王夫人,"('父母', 0.5828036069869995)"
金钏,王夫人,"('父母', 0.5318294763565063)"
袭人,玉官,"('unknown', 0.9522647857666016)"
宝官,玉官,"('合作', 0.3305521309375763)"
宝官,袭人,"('unknown', 0.710502564907074)"
金钏,王夫人,"('父母', 0.5440240502357483)"
金钏,王夫人,"('父母', 0.827823281288147)"
晴雯,袭人,"('unknown', 0.8138480186462402)"
晴雯,袭人,"('unknown', 0.4243699312210083)"
晴雯,袭人,"('父母', 0.3501112163066864)"
晴雯,麝月,"('父母', 0.9984455704689026)"
晴雯,袭人,"('上下级', 0.7722969055175781)"
袭人,平儿,"('unknown', 0.9980286955833435)"
金钏,平儿,"('父母', 0.8159725069999695)"
鸳鸯,平儿,"('unknown', 0.9884251356124878)"
金钏,袭人,"('夫妻', 0.31702715158462524)"
鸳鸯,袭人,"('unknown', 0.9718331098556519)"
鸳鸯,金钏,"('夫妻', 0.5957844257354736)"
李纨,袭人,"('unknown', 0.5913004279136658)"
王夫人,袭人,"('父母', 0.47354573011398315)"
金钏,王夫人,"('父母', 0.8396150469779968)"
金钏,王夫人,"('父母', 0.8002215623855591)"
贾雨村,王夫人,"('unknown', 0.7904127836227417)"
贾雨村,金钏,"('unknown', 0.9934597015380859)"
贾政,金钏,"('夫妻', 0.9932026863098145)"
贾环,贾政,"('兄弟姐妹', 0.8221920132637024)"
贾琏,赖大,"('夫妻', 0.9991975426673889)"
贾环,贾政,"('兄弟姐妹', 0.979000985622406)"
贾政,王夫人,"('夫妻', 0.9993657469749451)"
贾政,王夫人,"('夫妻', 0.9991982579231262)"
李纨,贾政,"('父母', 0.9853465557098389)"
贾珠,王夫人,"('父母', 0.9963476061820984)"
薛姨妈,袭人,"('兄弟姐妹', 0.994297444820404)"
袭人,茗烟,"('unknown', 0.286072313785553)"
金钏,茗烟,"('unknown', 0.5906524062156677)"
袭人,茗烟,"('unknown', 0.9928395748138428)"
贾环,茗烟,"('父母', 0.9574527144432068)"
贾环,袭人,"('unknown', 0.8051220178604126)"
薛蟠,袭人,"('夫妻', 0.9179587364196777)"
蒋玉菡,金钏,"('unknown', 0.5563614964485168)"
王夫人,袭人,"('unknown', 0.9659797549247742)"
晴雯,袭人,"('unknown', 0.6762467622756958)"
晴雯,王夫人,"('父母', 0.8681511878967285)"
王夫人,彩云,"('夫妻', 0.8708314895629883)"
玻璃,袭人,"('unknown', 0.9328874349594116)"
王夫人,袭人,"('父母', 0.33967840671539307)"
王夫人,袭人,"('夫妻', 0.5541970729827881)"
王夫人,袭人,"('unknown', 0.9956198334693909)"
金钏,袭人,"('父母', 0.5620459318161011)"
金钏,王夫人,"('父母', 0.7878516316413879)"
晴雯,袭人,"('unknown', 0.7828295230865479)"
薛蟠,薛姨妈,"('父母', 0.9602256417274475)"
薛蟠,薛姨妈,"('父母', 0.9975115060806274)"
周姨娘,邢夫人,"('unknown', 0.47419166564941406)"
王夫人,邢夫人,"('unknown', 0.8885906934738159)"
李纨,邢夫人,"('unknown', 0.9967267513275146)"
王夫人,周姨娘,"('unknown', 0.3533343970775604)"
李纨,周姨娘,"('unknown', 0.9991801381111145)"
李纨,王夫人,"('unknown', 0.9980047345161438)"
莺儿,袭人,"('unknown', 0.8526899218559265)"
喜儿,玉钏,"('亲戚', 0.5896451473236084)"
王夫人,玉钏,"('亲戚', 0.7870116829872131)"
莺儿,玉钏,"('亲戚', 0.6904540061950684)"
王夫人,喜儿,"('unknown', 0.987920880317688)"
莺儿,喜儿,"('unknown', 0.7762473821640015)"
莺儿,王夫人,"('unknown', 0.8784151077270508)"
袭人,玉钏,"('unknown', 0.8096676468849182)"
莺儿,玉钏,"('亲戚', 0.5977886915206909)"
莺儿,袭人,"('unknown', 0.9995278120040894)"
莺儿,袭人,"('祖孙', 0.8660156726837158)"
莺儿,袭人,"('父母', 0.7909055948257446)"
王夫人,袭人,"('父母', 0.662754237651825)"
王夫人,袭人,"('夫妻', 0.7965193390846252)"
金钏,平儿,"('父母', 0.9425070881843567)"
王夫人,玉钏,"('亲戚', 0.6321262717247009)"
金钏,玉钏,"('亲戚', 0.5531446933746338)"
金钏,王夫人,"('父母', 0.7426012754440308)"
赵姨娘,王夫人,"('父母', 0.9678530693054199)"
赵姨娘,王夫人,"('父母', 0.8582292199134827)"
贾环,袭人,"('unknown', 0.9720502495765686)"
佳蕙,晴雯,"('兄弟姐妹', 0.3465273082256317)"
赵姨娘,王夫人,"('父母', 0.9728903770446777)"
袭人,周姨娘,"('unknown', 0.5737293362617493)"
赵姨娘,周姨娘,"('兄弟姐妹', 0.9380710124969482)"
赵姨娘,袭人,"('unknown', 0.38408786058425903)"
王夫人,袭人,"('unknown', 0.8471274375915527)"
王夫人,袭人,"('父母', 0.9737867712974548)"
王夫人,袭人,"('unknown', 0.8581700325012207)"
鸳鸯,袭人,"('unknown', 0.9022572636604309)"
龄官,贾蔷,"('夫妻', 0.9963969588279724)"
翠墨,王夫人,"('父母', 0.565905749797821)"
袭人,宋嬷嬷,"('unknown', 0.9780176281929016)"
薛姨妈,王夫人,"('兄弟姐妹', 0.9968089461326599)"
鸳鸯,平儿,"('夫妻', 0.6398712396621704)"
鸳鸯,平儿,"('unknown', 0.9000129103660583)"
紫鹃,袭人,"('unknown', 0.9968377351760864)"
李纨,平儿,"('夫妻', 0.9961214661598206)"
袭人,平儿,"('夫妻', 0.6574195027351379)"
袭人,平儿,"('unknown', 0.9642777442932129)"
袭人,平儿,"('夫妻', 0.9823154807090759)"
刘姥姥,平儿,"('父母', 0.7163311839103699)"
板儿,平儿,"('unknown', 0.9834752082824707)"
周瑞家的,平儿,"('unknown', 0.996178150177002)"
周瑞,平儿,"('夫妻', 0.5509273409843445)"
板儿,刘姥姥,"('unknown', 0.9431594014167786)"
周瑞家的,刘姥姥,"('unknown', 0.962361752986908)"
周瑞,刘姥姥,"('unknown', 0.9506216645240784)"
周瑞家的,板儿,"('unknown', 0.9992013573646545)"
周瑞,板儿,"('unknown', 0.7707228064537048)"
刘姥姥,平儿,"('父母', 0.7079290151596069)"
刘姥姥,平儿,"('父母', 0.9812467694282532)"
周瑞家的,平儿,"('unknown', 0.8939142823219299)"
周瑞,平儿,"('夫妻', 0.6147376894950867)"
板儿,刘姥姥,"('父母', 0.9428144097328186)"
李纨,丰儿,"('父母', 0.35705655813217163)"
刘姥姥,彩缤,"('父母', 0.9762722849845886)"
板儿,彩缤,"('unknown', 0.5055424571037292)"
板儿,刘姥姥,"('父母', 0.9323827028274536)"
鸳鸯,李纨,"('unknown', 0.9698328375816345)"
李纨,刘姥姥,"('unknown', 0.7837899327278137)"
鸳鸯,刘姥姥,"('unknown', 0.9416599273681641)"
鸳鸯,李纨,"('unknown', 0.9870119690895081)"
鸳鸯,刘姥姥,"('unknown', 0.6440386176109314)"
李纨,刘姥姥,"('unknown', 0.9612302184104919)"
鸳鸯,刘姥姥,"('unknown', 0.947245717048645)"
李纨,刘姥姥,"('unknown', 0.9441373944282532)"
鸳鸯,刘姥姥,"('unknown', 0.9982417821884155)"
鸳鸯,李纨,"('unknown', 0.9961404204368591)"
刘姥姥,王夫人,"('父母', 0.9856634140014648)"
鸳鸯,王夫人,"('unknown', 0.582525372505188)"
鸳鸯,刘姥姥,"('unknown', 0.9760138988494873)"
鸳鸯,丰儿,"('unknown', 0.611539900302887)"
板儿,刘姥姥,"('父母', 0.9953946471214294)"
刘姥姥,妙玉,"('亲戚', 0.6391270756721497)"
薛姨妈,王夫人,"('兄弟姐妹', 0.9957284331321716)"
鸳鸯,刘姥姥,"('夫妻', 0.7331933975219727)"
刘姥姥,平儿,"('父母', 0.9630906581878662)"
王夫人,平儿,"('unknown', 0.7887593507766724)"
刘姥姥,平儿,"('父母', 0.9972909092903137)"
贾琏,贾珍,"('unknown', 0.7653016448020935)"
金钏,茗烟,"('父母', 0.8984919786453247)"
鲍二家的,平儿,"('unknown', 0.9969122409820557)"
贾琏,平儿,"('夫妻', 0.9971453547477722)"
贾琏,鲍二家的,"('夫妻', 0.9341203570365906)"
鲍二家的,平儿,"('父母', 0.9384715557098389)"
鲍二家的,平儿,"('夫妻', 0.9152051210403442)"
贾琏,邢夫人,"('夫妻', 0.9354034066200256)"
贾琏,平儿,"('夫妻', 0.9991425275802612)"
贾琏,平儿,"('夫妻', 0.9989129304885864)"
鸳鸯,邢夫人,"('unknown', 0.819811999797821)"
邢夫人,贾赦,"('夫妻', 0.9806844592094421)"
鸳鸯,邢夫人,"('父母', 0.5527995824813843)"
鸳鸯,贾赦,"('夫妻', 0.9915964007377625)"
王夫人,赖大,"('unknown', 0.6440449357032776)"
薛姨妈,赖大,"('兄弟姐妹', 0.99187171459198)"
薛姨妈,王夫人,"('兄弟姐妹', 0.9978609681129456)"
贾蓉,贾珍,"('unknown', 0.661522626876831)"
贾琏,贾珍,"('unknown', 0.9268605709075928)"
薛蟠,贾珍,"('unknown', 0.978340208530426)"
贾琏,贾蓉,"('unknown', 0.9463106989860535)"
薛蟠,贾蓉,"('unknown', 0.9911726117134094)"
薛蟠,贾琏,"('unknown', 0.8346334099769592)"
薛蟠,柳湘莲,"('夫妻', 0.999170184135437)"
赖尚荣,赖大,"('父母', 0.9981697797775269)"
柳湘莲,赖大,"('unknown', 0.9742374420166016)"
柳湘莲,赖尚荣,"('夫妻', 0.7179081439971924)"
薛蟠,柳湘莲,"('夫妻', 0.9992837309837341)"
薛蟠,柳湘莲,"('夫妻', 0.9991284012794495)"
柳湘莲,赖尚荣,"('情侣', 0.7474995851516724)"
薛蟠,柳湘莲,"('夫妻', 0.9983680844306946)"
贾蓉,贾珍,"('父母', 0.9990121126174927)"
薛蟠,贾蓉,"('夫妻', 0.9853305816650391)"
贾蓉,贾珍,"('父母', 0.9983921647071838)"
薛姨妈,香菱,"('兄弟姐妹', 0.8281512260437012)"
薛蟠,香菱,"('夫妻', 0.9900836944580078)"
薛蟠,薛姨妈,"('父母', 0.9588891863822937)"
薛姨妈,王夫人,"('兄弟姐妹', 0.9785424470901489)"
柳湘莲,王夫人,"('unknown', 0.5718151330947876)"
薛蟠,王夫人,"('夫妻', 0.9380293488502502)"
柳湘莲,薛姨妈,"('unknown', 0.7007610201835632)"
薛蟠,薛姨妈,"('父母', 0.9957066178321838)"
薛蟠,柳湘莲,"('夫妻', 0.937432050704956)"
薛蟠,柳湘莲,"('夫妻', 0.9979174733161926)"
柳湘莲,薛姨妈,"('兄弟姐妹', 0.7263844609260559)"
薛蟠,薛姨妈,"('父母', 0.9941839575767517)"
薛蟠,柳湘莲,"('夫妻', 0.9971940517425537)"
薛蟠,薛姨妈,"('父母', 0.9957548379898071)"
薛蟠,薛姨妈,"('父母', 0.997702419757843)"
薛姨妈,香菱,"('兄弟姐妹', 0.471649169921875)"
薛蟠,香菱,"('夫妻', 0.9986686706542969)"
薛蟠,薛姨妈,"('父母', 0.9535030722618103)"
贾琏,贾赦,"('父母', 0.9978792667388916)"
贾琏,贾赦,"('父母', 0.9991866946220398)"
贾雨村,贾赦,"('好友', 0.8858795762062073)"
贾琏,贾赦,"('父母', 0.9948796033859253)"
王仁,邢夫人,"('unknown', 0.7020277380943298)"
李绮,李纹,"('unknown', 0.9955854415893555)"
李纨,李纹,"('父母', 0.9571757912635803)"
李纨,李绮,"('父母', 0.9186424016952515)"
梅翰林,薛蝌,"('unknown', 0.9839290380477905)"
薛蟠,薛蝌,"('兄弟姐妹', 0.7255101203918457)"
薛蟠,梅翰林,"('unknown', 0.5321584343910217)"
薛蟠,薛蝌,"('亲戚', 0.652592658996582)"
邢岫烟,李纹,"('unknown', 0.5868645310401917)"
李绮,李纹,"('unknown', 0.9990161657333374)"
李绮,邢岫烟,"('unknown', 0.8804247975349426)"
李绮,李纹,"('unknown', 0.8082646727561951)"
王夫人,袭人,"('unknown', 0.9958992600440979)"
花自芳,袭人,"('兄弟姐妹', 0.9379602670669556)"
花自芳,王夫人,"('亲戚', 0.7061803340911865)"
周瑞家的,袭人,"('unknown', 0.9974517226219177)"
周瑞,袭人,"('父母', 0.5981715321540833)"
晴雯,麝月,"('父母', 0.9964984655380249)"
晴雯,麝月,"('父母', 0.9748790264129639)"
李纨,王夫人,"('父母', 0.5954927206039429)"
麝月,平儿,"('父母', 0.9916194677352905)"
秋纹,平儿,"('夫妻', 0.6544578671455383)"
秋纹,麝月,"('父母', 0.9840207695960999)"
麝月,平儿,"('父母', 0.9878721237182617)"
坠儿,平儿,"('父母', 0.4937485456466675)"
晴雯,袭人,"('unknown', 0.45639920234680176)"
晴雯,平儿,"('夫妻', 0.9296714067459106)"
晴雯,平儿,"('夫妻', 0.5263739824295044)"
坠儿,平儿,"('unknown', 0.9813885688781738)"
坠儿,晴雯,"('父母', 0.8895125985145569)"
坠儿,平儿,"('情侣', 0.5286098718643188)"
晴雯,麝月,"('父母', 0.9805924892425537)"
坠儿,晴雯,"('父母', 0.4761302173137665)"
晴雯,麝月,"('父母', 0.9906594753265381)"
坠儿,麝月,"('unknown', 0.8654995560646057)"
坠儿,晴雯,"('unknown', 0.9651075601577759)"
晴雯,宋嬷嬷,"('父母', 0.6177636981010437)"
坠儿,宋嬷嬷,"('unknown', 0.8494764566421509)"
坠儿,晴雯,"('父母', 0.8005590438842773)"
袭人,宋嬷嬷,"('父母', 0.792893648147583)"
晴雯,麝月,"('父母', 0.8818384408950806)"
坠儿,麝月,"('父母', 0.9915868043899536)"
坠儿,晴雯,"('unknown', 0.9539245963096619)"
坠儿,宋嬷嬷,"('父母', 0.989194393157959)"
麝月,宋嬷嬷,"('父母', 0.833922803401947)"
晴雯,麝月,"('父母', 0.969216525554657)"
晴雯,麝月,"('父母', 0.6032260060310364)"
坠儿,袭人,"('父母', 0.8944284915924072)"
贾蓉,尤氏,"('夫妻', 0.5501522421836853)"
贾赦,贾敬,"('兄弟姐妹', 0.9975528120994568)"
王夫人,袭人,"('父母', 0.416652113199234)"
王夫人,袭人,"('祖孙', 0.5489746928215027)"
鸳鸯,袭人,"('兄弟姐妹', 0.43449243903160095)"
鸳鸯,袭人,"('兄弟姐妹', 0.3864443600177765)"
女先儿,王熙凤,"('unknown', 0.9923490285873413)"
芳官,葵官,"('合作', 0.6830339431762695)"
贾蓉,女先儿,"('unknown', 0.9988151788711548)"
王夫人,平儿,"('父母', 0.6629378199577332)"
李纨,平儿,"('unknown', 0.8954718112945557)"
李纨,王夫人,"('unknown', 0.7853020429611206)"
李纨,王夫人,"('父母', 0.9071218967437744)"
李纨,吴新登,"('unknown', 0.9949918389320374)"
赵姨娘,赵国基,"('兄弟姐妹', 0.9983640313148499)"
赵姨娘,袭人,"('unknown', 0.6770684123039246)"
李纨,赵姨娘,"('unknown', 0.7517015933990479)"
王子腾,赵国基,"('亲戚', 0.9803864359855652)"
贾环,赵国基,"('父母', 0.40734928846359253)"
李纨,赵姨娘,"('夫妻', 0.44386589527130127)"
赵姨娘,平儿,"('夫妻', 0.8455373048782349)"
李纨,平儿,"('夫妻', 0.9800364375114441)"
秋纹,平儿,"('夫妻', 0.9970577955245972)"
丰儿,平儿,"('unknown', 0.6041978001594543)"
平儿,赖大,"('夫妻', 0.9888462424278259)"
叶妈,茗烟,"('父母', 0.979566752910614)"
雪雁,王夫人,"('父母', 0.5746856331825256)"
雪雁,紫鹃,"('unknown', 0.6988848447799683)"
雪雁,紫鹃,"('夫妻', 0.46085691452026367)"
紫鹃,赵姨娘,"('父母', 0.7906076312065125)"
紫鹃,袭人,"('unknown', 0.9938341379165649)"
晴雯,袭人,"('unknown', 0.8587944507598877)"
晴雯,紫鹃,"('unknown', 0.9659161567687988)"
紫鹃,李嬷嬷,"('unknown', 0.9738410115242004)"
王夫人,袭人,"('unknown', 0.9991683959960938)"
紫鹃,袭人,"('夫妻', 0.8787340521812439)"
紫鹃,王夫人,"('unknown', 0.9834200143814087)"
林之孝,赖大,"('师生', 0.6723834276199341)"
林之孝家的,赖大,"('兄弟姐妹', 0.427247017621994)"
鸳鸯,袭人,"('兄弟姐妹', 0.9320879578590393)"
琥珀,紫鹃,"('夫妻', 0.8304412961006165)"
薛姨妈,王夫人,"('兄弟姐妹', 0.9948129653930664)"
薛姨妈,薛蝌,"('unknown', 0.6080607771873474)"
薛蟠,薛蝌,"('unknown', 0.5596941709518433)"
薛蟠,薛姨妈,"('父母', 0.9697961807250977)"
薛蝌,邢夫人,"('夫妻', 0.9924071431159973)"
薛姨妈,尤氏,"('unknown', 0.9268344640731812)"
薛姨妈,尤氏,"('unknown', 0.39929530024528503)"
王夫人,尤氏,"('父母', 0.5028150677680969)"
李纨,尤氏,"('unknown', 0.8242934942245483)"
芳官,文官,"('unknown', 0.7901663780212402)"
贾环,贾兰,"('unknown', 0.9759885668754578)"
贾琮,贾兰,"('unknown', 0.9793105721473694)"
贾蓉,贾兰,"('unknown', 0.9978286623954773)"
贾琏,贾兰,"('unknown', 0.6646954417228699)"
贾琮,贾环,"('unknown', 0.771725058555603)"
贾蓉,贾环,"('unknown', 0.7435392141342163)"
贾琏,贾环,"('父母', 0.9946520328521729)"
贾蓉,贾琮,"('unknown', 0.7622461915016174)"
贾琏,贾琮,"('父母', 0.9446341395378113)"
贾琏,贾蓉,"('unknown', 0.6467674374580383)"
贾珍,贾赦,"('unknown', 0.9428008198738098)"
麝月,袭人,"('父母', 0.5212758779525757)"
芳官,袭人,"('unknown', 0.9988988637924194)"
芳官,麝月,"('父母', 0.870917797088623)"
莺儿,春燕,"('同门', 0.26439106464385986)"
叶妈,春燕,"('unknown', 0.5394395589828491)"
叶妈,莺儿,"('unknown', 0.7757323980331421)"
袭人,平儿,"('祖孙', 0.5578542351722717)"
赵姨娘,彩霞,"('unknown', 0.99457186460495)"
芳官,彩霞,"('unknown', 0.9993755221366882)"
贾环,彩霞,"('unknown', 0.7257227897644043)"
芳官,赵姨娘,"('unknown', 0.9943212270736694)"
贾环,赵姨娘,"('父母', 0.7135288119316101)"
贾环,芳官,"('unknown', 0.5022868514060974)"
赵姨娘,彩霞,"('unknown', 0.8117542266845703)"
芳官,彩霞,"('unknown', 0.9944274425506592)"
芳官,赵姨娘,"('父母', 0.589228630065918)"
赵姨娘,藕官,"('unknown', 0.6680149435997009)"
蕊官,藕官,"('unknown', 0.9207797050476074)"
葵官,藕官,"('unknown', 0.96879643201828)"
豆官,藕官,"('unknown', 0.9779930114746094)"
蕊官,赵姨娘,"('unknown', 0.6916540861129761)"
葵官,赵姨娘,"('unknown', 0.9253654479980469)"
豆官,赵姨娘,"('unknown', 0.7524062395095825)"
葵官,蕊官,"('unknown', 0.9913142323493958)"
豆官,蕊官,"('unknown', 0.9972063899040222)"
豆官,葵官,"('unknown', 0.9767665863037109)"
李纨,赵姨娘,"('unknown', 0.6839622259140015)"
艾官,赵姨娘,"('unknown', 0.9761833548545837)"
芳官,赵姨娘,"('unknown', 0.5236554741859436)"
芳官,艾官,"('unknown', 0.9788960814476013)"
芳官,春燕,"('夫妻', 0.9987286925315857)"
芳官,春燕,"('unknown', 0.7876680493354797)"
芳官,平儿,"('情侣', 0.5513731837272644)"
王夫人,彩云,"('unknown', 0.5186262130737305)"
晴雯,彩云,"('unknown', 0.8293775916099548)"
晴雯,王夫人,"('unknown', 0.8810470700263977)"
平儿,玉钏,"('父母', 0.7639869451522827)"
彩云,玉钏,"('父母', 0.8857568502426147)"
彩云,平儿,"('unknown', 0.7547877430915833)"
赵姨娘,平儿,"('父母', 0.9730536341667175)"
薛姨妈,张道士,"('兄弟姐妹', 0.5032274723052979)"
王子腾,张道士,"('情侣', 0.638125479221344)"
王子腾,薛姨妈,"('兄弟姐妹', 0.9981127977371216)"
薛姨妈,尤氏,"('unknown', 0.8910389542579651)"
贾政,尤氏,"('unknown', 0.9535219073295593)"
李纨,尤氏,"('unknown', 0.9049443602561951)"
贾政,薛姨妈,"('兄弟姐妹', 0.9928096532821655)"
李纨,薛姨妈,"('兄弟姐妹', 0.8610499501228333)"
李纨,贾政,"('unknown', 0.9428204298019409)"
袭人,平儿,"('祖孙', 0.5619260668754578)"
薛姨妈,薛蝌,"('父母', 0.8843116760253906)"
袭人,平儿,"('夫妻', 0.9739912748336792)"
鸳鸯,袭人,"('兄弟姐妹', 0.37122872471809387)"
女先儿,薛姨妈,"('unknown', 0.9987421631813049)"
袭人,平儿,"('unknown', 0.910477876663208)"
芳官,平儿,"('情侣', 0.8578442931175232)"
芳官,袭人,"('unknown', 0.9974225759506226)"
豆官,香菱,"('夫妻', 0.5693699717521667)"
薛姨妈,香菱,"('兄弟姐妹', 0.9506053328514099)"
薛蟠,香菱,"('夫妻', 0.9945459365844727)"
薛蟠,薛姨妈,"('父母', 0.991797685623169)"
香菱,袭人,"('unknown', 0.7458974123001099)"
香菱,袭人,"('unknown', 0.9974314570426941)"
薛蟠,袭人,"('unknown', 0.9420375823974609)"
薛蟠,香菱,"('夫妻', 0.9967896342277527)"
袭人,平儿,"('unknown', 0.9993237257003784)"
晴雯,林之孝,"('父母', 0.7684394121170044)"
晴雯,林之孝家的,"('unknown', 0.8100370168685913)"
春燕,袭人,"('祖孙', 0.6038607954978943)"
麝月,袭人,"('unknown', 0.9989118576049805)"
香菱,袭人,"('unknown', 0.9973539113998413)"
李纨,袭人,"('unknown', 0.9960225820541382)"
香菱,麝月,"('unknown', 0.9958239793777466)"
李纨,麝月,"('父母', 0.7966262102127075)"
李纨,香菱,"('unknown', 0.9717150330543518)"
芳官,袭人,"('夫妻', 0.6653012633323669)"
贾珍,尤氏,"('unknown', 0.6636463403701782)"
女先儿,平儿,"('夫妻', 0.7946538925170898)"
李纨,尤氏,"('unknown', 0.9784051775932312)"
贾珍,尤氏,"('unknown', 0.9530037641525269)"
尤氏,贾敬,"('unknown', 0.9694394469261169)"
贾珍,贾敬,"('父母', 0.9876202940940857)"
贾珍,尤氏,"('unknown', 0.9919126033782959)"
贾珍,贾敬,"('父母', 0.9755624532699585)"
贾蓉,尤二姐,"('亲戚', 0.6179791688919067)"
贾蓉,尤三姐,"('unknown', 0.869295060634613)"
晴雯,袭人,"('夫妻', 0.9984676241874695)"
雪雁,紫鹃,"('夫妻', 0.9767786264419556)"
尤氏,贾敬,"('unknown', 0.9777595400810242)"
贾珍,贾敬,"('父母', 0.9953493475914001)"
贾珍,尤氏,"('unknown', 0.9903929829597473)"
贾珍,尤二姐,"('unknown', 0.9932551383972168)"
贾琏,尤二姐,"('夫妻', 0.9964621663093567)"
贾琏,贾珍,"('unknown', 0.9217620491981506)"
贾琏,贾蓉,"('父母', 0.5529850125312805)"
张华,尤氏,"('unknown', 0.9973155856132507)"
贾蓉,尤氏,"('unknown', 0.9878117442131042)"
贾蓉,张华,"('unknown', 0.9328598380088806)"
贾蓉,贾珍,"('父母', 0.9990649819374084)"
贾琏,尤三姐,"('夫妻', 0.9726899862289429)"
贾琏,柳湘莲,"('夫妻', 0.839316189289093)"
贾琏,贾赦,"('父母', 0.9991366267204285)"
鸳鸯,尤三姐,"('unknown', 0.9965975880622864)"
贾琏,尤三姐,"('夫妻', 0.9492959976196289)"
贾琏,鸳鸯,"('unknown', 0.6303446292877197)"
贾琏,鸳鸯,"('夫妻', 0.7672432661056519)"
贾琏,贾珍,"('unknown', 0.972931981086731)"
薛蟠,薛姨妈,"('父母', 0.9967227578163147)"
贾琏,鸳鸯,"('夫妻', 0.9949055910110474)"
薛蟠,柳湘莲,"('夫妻', 0.9961477518081665)"
薛蟠,玻璃,"('unknown', 0.9963057041168213)"
薛姨妈,莺儿,"('兄弟姐妹', 0.9964085221290588)"
贾琏,尤二姐,"('夫妻', 0.9961590766906738)"
贾琏,兴儿,"('夫妻', 0.9991477727890015)"
尤二姐,平儿,"('unknown', 0.994392454624176)"
兴儿,平儿,"('unknown', 0.982410728931427)"
贾琏,平儿,"('夫妻', 0.9929357171058655)"
兴儿,尤二姐,"('unknown', 0.9902586936950684)"
贾琏,尤二姐,"('夫妻', 0.9887450337409973)"
贾琏,兴儿,"('夫妻', 0.9977593421936035)"
贾琏,张华,"('夫妻', 0.997168242931366)"
王子腾,张华,"('夫妻', 0.42735201120376587)"
王信,张华,"('unknown', 0.9982203841209412)"
王信,王子腾,"('兄弟姐妹', 0.9118923544883728)"
贾珍,尤氏,"('unknown', 0.9838504195213318)"
贾蓉,尤氏,"('unknown', 0.9973307847976685)"
贾蓉,贾珍,"('父母', 0.9989486336708069)"
贾蓉,尤氏,"('unknown', 0.5920674800872803)"
贾蓉,张华,"('夫妻', 0.40486764907836914)"
邢夫人,贾赦,"('夫妻', 0.9758886694908142)"
秋桐,贾赦,"('unknown', 0.9637041687965393)"
尤二姐,贾赦,"('unknown', 0.9513921141624451)"
秋桐,邢夫人,"('unknown', 0.9831164479255676)"
尤二姐,邢夫人,"('unknown', 0.9931455850601196)"
尤二姐,秋桐,"('unknown', 0.8884113430976868)"
秋桐,平儿,"('unknown', 0.9840242266654968)"
贾琏,平儿,"('夫妻', 0.9974314570426941)"
贾琏,秋桐,"('夫妻', 0.9995038509368896)"
秋桐,平儿,"('夫妻', 0.9612616300582886)"
秋桐,平儿,"('夫妻', 0.9820484519004822)"
贾琏,秋桐,"('夫妻', 0.9994066953659058)"
贾琏,秋桐,"('夫妻', 0.9993033409118652)"
贾政,贾赦,"('兄弟姐妹', 0.9992035031318665)"
贾珍,贾赦,"('unknown', 0.6331059336662292)"
贾珍,贾政,"('unknown', 0.6151010394096375)"
邢夫人,贾赦,"('unknown', 0.9224907755851746)"
李纨,尤氏,"('unknown', 0.985864520072937)"
袭人,尤氏,"('unknown', 0.9417886137962341)"
周瑞家的,袭人,"('unknown', 0.9993463158607483)"
周瑞,袭人,"('unknown', 0.8361957669258118)"
王夫人,尤氏,"('unknown', 0.9636390209197998)"
周瑞家的,尤氏,"('unknown', 0.9843830466270447)"
周瑞,尤氏,"('unknown', 0.8828017115592957)"
周瑞家的,王夫人,"('unknown', 0.9421979784965515)"
周瑞,王夫人,"('父母', 0.8695423603057861)"
周瑞家的,林之孝,"('unknown', 0.9128903746604919)"
周瑞,林之孝,"('父母', 0.9438601732254028)"
周瑞家的,林之孝家的,"('unknown', 0.99137282371521)"
周瑞,林之孝家的,"('unknown', 0.8919289708137512)"
尤氏,林之孝,"('夫妻', 0.8742043375968933)"
林之孝家的,尤氏,"('父母', 0.7639318704605103)"
邢夫人,贾赦,"('unknown', 0.9966844916343689)"
周瑞家的,贾赦,"('unknown', 0.9899328947067261)"
周瑞,贾赦,"('unknown', 0.9572644829750061)"
周瑞家的,邢夫人,"('父母', 0.9739149212837219)"
周瑞,邢夫人,"('父母', 0.9951382279396057)"
鸳鸯,邢夫人,"('夫妻', 0.46905767917633057)"
鸳鸯,四姐,"('兄弟姐妹', 0.8394210338592529)"
喜鸾,四姐,"('unknown', 0.7551988959312439)"
喜鸾,鸳鸯,"('兄弟姐妹', 0.9040573239326477)"
李纨,尤氏,"('unknown', 0.896265983581543)"
鸳鸯,尤氏,"('unknown', 0.7936255931854248)"
鸳鸯,李纨,"('unknown', 0.517558753490448)"
司棋,鸳鸯,"('夫妻', 0.9188435673713684)"
司棋,鸳鸯,"('夫妻', 0.5141197443008423)"
王夫人,彩霞,"('夫妻', 0.6737735271453857)"
王夫人,彩霞,"('unknown', 0.999297022819519)"
赵姨娘,彩霞,"('unknown', 0.989074170589447)"
贾环,彩霞,"('unknown', 0.9891330599784851)"
赵姨娘,王夫人,"('父母', 0.5264630317687988)"
贾环,王夫人,"('父母', 0.9908493757247925)"
贾环,赵姨娘,"('父母', 0.8708453178405762)"
贾政,赵姨娘,"('夫妻', 0.9993894100189209)"
小鹊,赵姨娘,"('夫妻', 0.9913893342018127)"
晴雯,袭人,"('夫妻', 0.707234799861908)"
秋纹,春燕,"('夫妻', 0.6697930693626404)"
晴雯,王夫人,"('夫妻', 0.431048721075058)"
王夫人,邢夫人,"('夫妻', 0.5264495611190796)"
赵姨娘,邢夫人,"('父母', 0.7919586896896362)"
司棋,绣橘,"('好友', 0.843585193157196)"
平儿,绣橘,"('夫妻', 0.49883151054382324)"
王夫人,平儿,"('父母', 0.9203765988349915)"
邢夫人,贾赦,"('夫妻', 0.9989407658576965)"
王夫人,邢夫人,"('unknown', 0.4171436131000519)"
王夫人,平儿,"('父母', 0.5440893769264221)"
来旺,周瑞家的,"('unknown', 0.9989023208618164)"
来旺,周瑞,"('unknown', 0.9954942464828491)"
王夫人,邢夫人,"('unknown', 0.899588406085968)"
王善保家的,邢夫人,"('unknown', 0.9737407565116882)"
王善保家的,王夫人,"('unknown', 0.9896072745323181)"
王夫人,邢夫人,"('父母', 0.46806028485298157)"
晴雯,王夫人,"('夫妻', 0.7633140087127686)"
晴雯,王夫人,"('夫妻', 0.5601053237915039)"
麝月,袭人,"('夫妻', 0.4432390630245209)"
麝月,袭人,"('父母', 0.675055980682373)"
晴雯,王夫人,"('夫妻', 0.6249558925628662)"
王夫人,邢夫人,"('unknown', 0.9895081520080566)"
王善保家的,邢夫人,"('unknown', 0.6474888324737549)"
晴雯,邢夫人,"('unknown', 0.8758863806724548)"
王善保家的,王夫人,"('unknown', 0.9005302786827087)"
晴雯,王夫人,"('unknown', 0.9063666462898254)"
晴雯,王善保家的,"('unknown', 0.983985960483551)"
晴雯,邢夫人,"('unknown', 0.6032052040100098)"
张妈,邢夫人,"('父母', 0.9816327095031738)"
司棋,潘又安,"('兄弟姐妹', 0.9699453115463257)"
李纨,尤氏,"('unknown', 0.9843331575393677)"
李纨,尤氏,"('unknown', 0.4899945557117462)"
尤氏,邢夫人,"('父母', 0.49736154079437256)"
李纨,邢夫人,"('unknown', 0.9796938300132751)"
李纨,尤氏,"('unknown', 0.9880200028419495)"
王夫人,尤氏,"('unknown', 0.9870346188545227)"
贾政,贾兰,"('兄弟姐妹', 0.8014971613883972)"
贾珍,贾兰,"('unknown', 0.9798147082328796)"
贾环,贾兰,"('unknown', 0.9946799874305725)"
贾琮,贾兰,"('unknown', 0.8819836378097534)"
贾珍,贾政,"('兄弟姐妹', 0.5776465535163879)"
贾环,贾政,"('兄弟姐妹', 0.9270015954971313)"
贾琮,贾政,"('unknown', 0.8864732980728149)"
贾环,贾珍,"('父母', 0.7957450151443481)"
贾琮,贾珍,"('unknown', 0.5630643963813782)"
贾琮,贾环,"('父母', 0.7040700316429138)"
邢德全,邢夫人,"('亲戚', 0.588639497756958)"
薛蟠,邢夫人,"('夫妻', 0.9768794178962708)"
薛蟠,邢德全,"('unknown', 0.9491745233535767)"
贾政,贾赦,"('兄弟姐妹', 0.999076247215271)"
贾政,王夫人,"('夫妻', 0.9983022212982178)"
翠缕,紫鹃,"('夫妻', 0.9967742562294006)"
王夫人,邢夫人,"('unknown', 0.7776609063148499)"
周瑞家的,邢夫人,"('unknown', 0.9615896344184875)"
司棋,邢夫人,"('父母', 0.5735204815864563)"
周瑞,邢夫人,"('unknown', 0.5887449979782104)"
周瑞家的,王夫人,"('unknown', 0.9903022646903992)"
司棋,王夫人,"('unknown', 0.8429338335990906)"
周瑞,王夫人,"('unknown', 0.9245241284370422)"
司棋,周瑞家的,"('unknown', 0.9949581027030945)"
周瑞,司棋,"('unknown', 0.9877052307128906)"
司棋,周瑞家的,"('unknown', 0.8452054262161255)"
周瑞,司棋,"('师生', 0.4419850707054138)"
周瑞家的,绣橘,"('unknown', 0.9960088729858398)"
司棋,绣橘,"('好友', 0.4132884442806244)"
周瑞,绣橘,"('unknown', 0.9879109859466553)"
司棋,周瑞家的,"('unknown', 0.992713987827301)"
周瑞,司棋,"('unknown', 0.6140266060829163)"
晴雯,王夫人,"('父母', 0.8868126273155212)"
四儿,王夫人,"('父母', 0.9909018278121948)"
王夫人,袭人,"('父母', 0.7511696219444275)"
晴雯,袭人,"('夫妻', 0.9654479026794434)"
晴雯,袭人,"('夫妻', 0.4993482530117035)"
晴雯,袭人,"('unknown', 0.8561223745346069)"
晴雯,袭人,"('夫妻', 0.9782237410545349)"
晴雯,袭人,"('夫妻', 0.45653241872787476)"
贾环,贾兰,"('父母', 0.8840194344520569)"
贾政,王夫人,"('夫妻', 0.9992641806602478)"
王夫人,藕官,"('unknown', 0.7610732316970825)"
蕊官,藕官,"('兄弟姐妹', 0.7504069805145264)"
芳官,藕官,"('unknown', 0.39174923300743103)"
蕊官,王夫人,"('unknown', 0.9953532218933105)"
芳官,王夫人,"('unknown', 0.9902036190032959)"
芳官,蕊官,"('unknown', 0.9818325042724609)"
圆信,智通,"('同门', 0.990127444267273)"
藕官,智通,"('unknown', 0.9979864358901978)"
王夫人,智通,"('unknown', 0.998958945274353)"
蕊官,智通,"('unknown', 0.9988590478897095)"
芳官,智通,"('unknown', 0.9937977194786072)"
晴雯,智通,"('unknown', 0.9983490705490112)"
圆信,智通,"('unknown', 0.9980717897415161)"
王夫人,藕官,"('unknown', 0.979979395866394)"
蕊官,藕官,"('兄弟姐妹', 0.5431758761405945)"
芳官,藕官,"('unknown', 0.9831228852272034)"
晴雯,藕官,"('unknown', 0.9820901155471802)"
圆信,藕官,"('unknown', 0.9835819005966187)"
蕊官,王夫人,"('unknown', 0.9913673996925354)"
芳官,王夫人,"('unknown', 0.9978864789009094)"
晴雯,王夫人,"('unknown', 0.9975200295448303)"
圆信,王夫人,"('unknown', 0.9963557720184326)"
芳官,蕊官,"('unknown', 0.9885856509208679)"
晴雯,蕊官,"('unknown', 0.9957987666130066)"
圆信,蕊官,"('unknown', 0.9941684007644653)"
晴雯,芳官,"('unknown', 0.9969643950462341)"
圆信,芳官,"('unknown', 0.9991538524627686)"
圆信,晴雯,"('unknown', 0.982622504234314)"
晴雯,王夫人,"('父母', 0.8248602747917175)"
李纨,王夫人,"('父母', 0.8682584762573242)"
秋纹,麝月,"('父母', 0.9953334927558899)"
秋纹,晴雯,"('上下级', 0.9600580334663391)"
秋纹,麝月,"('父母', 0.9891359806060791)"
晴雯,袭人,"('夫妻', 0.9680830240249634)"
贾赦,孙绍祖,"('父母', 0.9966008067131042)"
贾政,贾赦,"('兄弟姐妹', 0.9992701411247253)"
宝蟾,香菱,"('unknown', 0.8793540596961975)"
薛蟠,香菱,"('夫妻', 0.9929216504096985)"
薛蟠,宝蟾,"('unknown', 0.9813211560249329)"
薛蟠,薛姨妈,"('父母', 0.9983367919921875)"
宝蟾,香菱,"('unknown', 0.9749794602394104)"
薛蟠,香菱,"('夫妻', 0.9989564418792725)"
薛蟠,宝蟾,"('夫妻', 0.995741605758667)"
薛姨妈,香菱,"('兄弟姐妹', 0.9810951948165894)"
薛蟠,香菱,"('夫妻', 0.5516357421875)"
薛蟠,薛姨妈,"('父母', 0.9987712502479553)"
王夫人,邢夫人,"('父母', 0.8967830538749695)"
王夫人,贾赦,"('夫妻', 0.7389705777168274)"
贾政,贾赦,"('兄弟姐妹', 0.9990897178649902)"
贾政,王夫人,"('夫妻', 0.9821648597717285)"
紫鹃,袭人,"('夫妻', 0.9708185195922852)"
王夫人,马道婆,"('夫妻', 0.9930241107940674)"
赵姨娘,马道婆,"('夫妻', 0.993419349193573)"
李贵,茗烟,"('父母', 0.38008955121040344)"
袭人,茗烟,"('unknown', 0.9910936951637268)"
麝月,茗烟,"('父母', 0.9948327541351318)"
麝月,袭人,"('父母', 0.5212432146072388)"
贾政,李贵,"('unknown', 0.557586133480072)"
贾政,秦钟,"('情侣', 0.6448838114738464)"
王夫人,袭人,"('父母', 0.7619261741638184)"
晴雯,袭人,"('unknown', 0.9967696666717529)"
司棋,袭人,"('unknown', 0.997787594795227)"
晴雯,王夫人,"('unknown', 0.8095558285713196)"
司棋,王夫人,"('unknown', 0.843742847442627)"
司棋,晴雯,"('unknown', 0.9030189514160156)"
香菱,尤二姐,"('情侣', 0.33350902795791626)"
雪雁,紫鹃,"('夫妻', 0.9841596484184265)"
雪雁,紫鹃,"('夫妻', 0.9400160312652588)"
雪雁,紫鹃,"('夫妻', 0.9751065969467163)"
翠缕,翠墨,"('兄弟姐妹', 0.7732729911804199)"
雪雁,翠墨,"('兄弟姐妹', 0.4746813178062439)"
雪雁,翠缕,"('兄弟姐妹', 0.35654520988464355)"
雪雁,紫鹃,"('夫妻', 0.9684849381446838)"
紫鹃,袭人,"('unknown', 0.9989972710609436)"
雪雁,袭人,"('兄弟姐妹', 0.724755048751831)"
雪雁,紫鹃,"('夫妻', 0.9073062539100647)"
紫鹃,袭人,"('夫妻', 0.6159775257110596)"
紫鹃,周瑞家的,"('unknown', 0.9972164630889893)"
周瑞,紫鹃,"('unknown', 0.9963896870613098)"
贾政,王夫人,"('夫妻', 0.9993283748626709)"
贾政,茗烟,"('父母', 0.8783557415008545)"
宝蟾,薛姨妈,"('unknown', 0.9634352922439575)"
薛蟠,薛姨妈,"('父母', 0.8854528665542603)"
薛蟠,宝蟾,"('unknown', 0.9949589967727661)"
贾政,王夫人,"('夫妻', 0.9989385008811951)"
王夫人,邢夫人,"('父母', 0.8298918008804321)"
贾政,贾赦,"('兄弟姐妹', 0.9991292357444763)"
贾珍,贾赦,"('unknown', 0.933171272277832)"
贾琏,贾赦,"('父母', 0.9883571267127991)"
贾珍,贾政,"('unknown', 0.9845102429389954)"
贾琏,贾政,"('unknown', 0.9975023865699768)"
贾琏,贾珍,"('unknown', 0.9934747815132141)"
水溶,贾赦,"('父母', 0.3096776604652405)"
贾政,水溶,"('兄弟姐妹', 0.43681442737579346)"
贾政,水溶,"('unknown', 0.9543463587760925)"
贾芸,袭人,"('夫妻', 0.981875479221344)"
贾芸,袭人,"('夫妻', 0.5344328880310059)"
贾芸,麝月,"('父母', 0.655973494052887)"
贾芸,袭人,"('夫妻', 0.8467162847518921)"
贾芸,麝月,"('父母', 0.954559862613678)"
贾芸,麝月,"('父母', 0.9217400550842285)"
薛蟠,王夫人,"('夫妻', 0.9771932363510132)"
薛姨妈,薛蝌,"('父母', 0.9955396056175232)"
薛蟠,薛蝌,"('父母', 0.9256781339645386)"
薛姨妈,王夫人,"('兄弟姐妹', 0.989267885684967)"
贾政,王夫人,"('夫妻', 0.998698353767395)"
贾政,薛姨妈,"('unknown', 0.5304442048072815)"
贾琏,薛姨妈,"('unknown', 0.9934980869293213)"
薛蟠,薛姨妈,"('父母', 0.9918081164360046)"
薛蟠,贾琏,"('夫妻', 0.9902475476264954)"
雪雁,紫鹃,"('夫妻', 0.7443661093711853)"
晴雯,袭人,"('上下级', 0.8049944639205933)"
雪雁,紫鹃,"('夫妻', 0.883528470993042)"
雪雁,紫鹃,"('夫妻', 0.9946842789649963)"
雪雁,紫鹃,"('夫妻', 0.9965446591377258)"
雪雁,小红,"('父母', 0.7776920795440674)"
雪雁,紫鹃,"('夫妻', 0.9475600719451904)"
雪雁,紫鹃,"('unknown', 0.7870508432388306)"
雪雁,紫鹃,"('夫妻', 0.682871401309967)"
李纨,王夫人,"('unknown', 0.6378979682922363)"
雪雁,紫鹃,"('夫妻', 0.9947728514671326)"
薛蟠,薛蝌,"('父母', 0.8275873064994812)"
宝蟾,薛蝌,"('unknown', 0.9499459862709045)"
薛蟠,薛蝌,"('父母', 0.8635427355766296)"
薛蟠,薛蝌,"('父母', 0.9940289258956909)"
王夫人,薛蝌,"('父母', 0.5622828602790833)"
薛姨妈,薛蝌,"('父母', 0.9955171942710876)"
贾政,薛蝌,"('unknown', 0.8770080208778381)"
门子,薛蝌,"('unknown', 0.9082709550857544)"
薛姨妈,王夫人,"('兄弟姐妹', 0.9573426842689514)"
贾政,王夫人,"('夫妻', 0.9981243014335632)"
门子,王夫人,"('unknown', 0.9407081604003906)"
贾政,薛姨妈,"('兄弟姐妹', 0.5846994519233704)"
门子,薛姨妈,"('unknown', 0.9563947319984436)"
门子,贾政,"('unknown', 0.4111912250518799)"
贾政,王夫人,"('夫妻', 0.9984657764434814)"
薛姨妈,王夫人,"('兄弟姐妹', 0.9844078421592712)"
贾政,王夫人,"('夫妻', 0.9964717626571655)"
小红,柳家的,"('夫妻', 0.6077815294265747)"
贾政,贾赦,"('兄弟姐妹', 0.9985062479972839)"
贾琏,贾赦,"('父母', 0.9981495141983032)"
贾琏,贾政,"('unknown', 0.9114220142364502)"
甄宝玉,贾政,"('unknown', 0.9932292699813843)"
贾环,贾兰,"('父母', 0.6202982068061829)"
贾环,贾兰,"('unknown', 0.7703136801719666)"
袭人,平儿,"('unknown', 0.9558929800987244)"
贾环,平儿,"('父母', 0.9018895030021667)"
贾环,赵姨娘,"('父母', 0.932807981967926)"
赵姨娘,王夫人,"('父母', 0.8568940758705139)"
王夫人,邢夫人,"('unknown', 0.8043462038040161)"
王夫人,袭人,"('亲戚', 0.276982843875885)"
李纨,林之孝,"('父母', 0.9943140745162964)"
李纨,林之孝家的,"('父母', 0.9885351061820984)"
袭人,林之孝,"('父母', 0.8189411759376526)"
邢岫烟,妙玉,"('夫妻', 0.5002792477607727)"
妙玉,林之孝,"('unknown', 0.8186137676239014)"
邢岫烟,林之孝,"('师生', 0.862831175327301)"
林之孝家的,妙玉,"('unknown', 0.9964544773101807)"
邢岫烟,妙玉,"('同门', 0.7110807299613953)"
邢岫烟,林之孝家的,"('unknown', 0.6980305314064026)"
李纨,王夫人,"('unknown', 0.9884244203567505)"
薛姨妈,王夫人,"('兄弟姐妹', 0.993255615234375)"
薛蟠,薛姨妈,"('父母', 0.997484564781189)"
王夫人,袭人,"('unknown', 0.9913321733474731)"
贾琏,王夫人,"('夫妻', 0.9913859367370605)"
秋纹,袭人,"('unknown', 0.582718551158905)"
王子腾,王夫人,"('父母', 0.5158624053001404)"
贾琏,王夫人,"('夫妻', 0.9724025726318359)"
珍珠,傻大姐,"('兄弟姐妹', 0.9924310445785522)"
紫鹃,袭人,"('unknown', 0.8786967992782593)"
紫鹃,袭人,"('夫妻', 0.9987950325012207)"
紫鹃,袭人,"('unknown', 0.9787415862083435)"
秋纹,袭人,"('unknown', 0.9990179538726807)"
秋纹,紫鹃,"('夫妻', 0.9327166080474854)"
秋纹,紫鹃,"('unknown', 0.9804933667182922)"
雪雁,紫鹃,"('unknown', 0.4988771378993988)"
雪雁,秋纹,"('兄弟姐妹', 0.6047765612602234)"
雪雁,紫鹃,"('unknown', 0.9060227274894714)"
秋纹,王夫人,"('unknown', 0.9916089177131653)"
薛姨妈,王夫人,"('兄弟姐妹', 0.9539527297019958)"
薛蟠,王夫人,"('夫妻', 0.9899618625640869)"
薛蟠,薛姨妈,"('父母', 0.9872400164604187)"
薛姨妈,王夫人,"('兄弟姐妹', 0.9911034107208252)"
薛姨妈,王夫人,"('兄弟姐妹', 0.9602819085121155)"
薛蟠,王夫人,"('夫妻', 0.9924694895744324)"
薛蟠,薛姨妈,"('父母', 0.9939627051353455)"
薛姨妈,薛蝌,"('unknown', 0.7586454749107361)"
薛蟠,薛蝌,"('unknown', 0.6362124681472778)"
薛蟠,薛姨妈,"('父母', 0.8122398853302002)"
薛蟠,薛蝌,"('父母', 0.9824211001396179)"
薛蟠,薛姨妈,"('父母', 0.9931861162185669)"
贾琏,贾政,"('unknown', 0.7710859179496765)"
雪雁,紫鹃,"('夫妻', 0.9837771654129028)"
雪雁,紫鹃,"('夫妻', 0.9864634275436401)"
雪雁,紫鹃,"('夫妻', 0.9870195388793945)"
雪雁,紫鹃,"('夫妻', 0.9786752462387085)"
雪雁,紫鹃,"('夫妻', 0.9584914445877075)"
雪雁,紫鹃,"('unknown', 0.7659246921539307)"
李纨,紫鹃,"('夫妻', 0.9904735684394836)"
平儿,林之孝,"('夫妻', 0.9835276007652283)"
林之孝家的,平儿,"('夫妻', 0.9855109453201294)"
李纨,平儿,"('夫妻', 0.9483345746994019)"
紫鹃,平儿,"('unknown', 0.8740773797035217)"
雪雁,平儿,"('夫妻', 0.5176962614059448)"
雪雁,紫鹃,"('夫妻', 0.7065750956535339)"
雪雁,莺儿,"('父母', 0.22279879450798035)"
王夫人,袭人,"('unknown', 0.9904648065567017)"
李纹,李婶娘,"('父母', 0.9981840252876282)"
李绮,李婶娘,"('父母', 0.9914141297340393)"
李绮,李纹,"('父母', 0.3615657687187195)"
贾政,王夫人,"('夫妻', 0.8945035934448242)"
贾政,薛姨妈,"('兄弟姐妹', 0.9967069029808044)"
香菱,薛蝌,"('unknown', 0.9900906085968018)"
赵姨娘,孙绍祖,"('夫妻', 0.8762155175209045)"
小红,丰儿,"('夫妻', 0.9983899593353271)"
贾琏,王仁,"('夫妻', 0.953771710395813)"
王子胜,王仁,"('亲戚', 0.9927045106887817)"
晴雯,袭人,"('unknown', 0.9765755534172058)"
王子胜,袭人,"('unknown', 0.9970957040786743)"
王子胜,晴雯,"('夫妻', 0.46507149934768677)"
贾珍,尤氏,"('父母', 0.5650801062583923)"
晴雯,贾赦,"('上下级', 0.7646400928497314)"
贾蓉,贾赦,"('父母', 0.9766993522644043)"
贾蓉,晴雯,"('unknown', 0.9495059847831726)"
贾琏,王夫人,"('夫妻', 0.9896025061607361)"
贾琏,薛姨妈,"('unknown', 0.9145189523696899)"
贾琏,王夫人,"('夫妻', 0.9967883825302124)"
薛姨妈,王夫人,"('兄弟姐妹', 0.9880815744400024)"
宝蟾,香菱,"('父母', 0.9881539940834045)"
薛姨妈,香菱,"('兄弟姐妹', 0.5930230021476746)"
宝蟾,香菱,"('unknown', 0.99378901720047)"
宝蟾,薛姨妈,"('unknown', 0.9272271394729614)"
宝蟾,香菱,"('父母', 0.48445937037467957)"
薛姨妈,香菱,"('兄弟姐妹', 0.9928522706031799)"
宝蟾,香菱,"('父母', 0.9649496078491211)"
宝蟾,薛姨妈,"('兄弟姐妹', 0.6268857717514038)"
宝蟾,香菱,"('父母', 0.8493485450744629)"
宝蟾,周瑞家的,"('unknown', 0.9906951189041138)"
周瑞,宝蟾,"('unknown', 0.8832195401191711)"
倪二,贾芸,"('夫妻', 0.8783454298973083)"
尤二姐,贾赦,"('unknown', 0.9991777539253235)"
贾珍,贾赦,"('unknown', 0.965561032295227)"
尤三姐,贾赦,"('unknown', 0.9980639815330505)"
倪二,贾赦,"('unknown', 0.9981130361557007)"
贾琏,贾赦,"('父母', 0.9893712997436523)"
贾珍,尤二姐,"('unknown', 0.9981532692909241)"
尤三姐,尤二姐,"('兄弟姐妹', 0.9960203766822815)"
倪二,尤二姐,"('unknown', 0.984138548374176)"
贾琏,尤二姐,"('夫妻', 0.9818223714828491)"
尤三姐,贾珍,"('unknown', 0.9974431991577148)"
倪二,贾珍,"('unknown', 0.9985591769218445)"
贾琏,贾珍,"('unknown', 0.9848734140396118)"
倪二,尤三姐,"('unknown', 0.9312855005264282)"
贾琏,尤三姐,"('夫妻', 0.603680431842804)"
贾琏,倪二,"('夫妻', 0.9884325861930847)"
紫鹃,袭人,"('夫妻', 0.9852050542831421)"
紫鹃,袭人,"('unknown', 0.9965715408325195)"
紫鹃,袭人,"('夫妻', 0.9410998225212097)"
贾政,贾赦,"('兄弟姐妹', 0.9992173910140991)"
贾政,贾赦,"('兄弟姐妹', 0.9993639588356018)"
贾琏,贾政,"('unknown', 0.5456943511962891)"
贾政,贾赦,"('兄弟姐妹', 0.998927652835846)"
平儿,邢夫人,"('父母', 0.904506266117096)"
焦大,贾政,"('兄弟姐妹', 0.9330305457115173)"
焦大,贾珍,"('父母', 0.9905027151107788)"
贾政,薛蝌,"('夫妻', 0.9969238638877869)"
贾珍,薛蝌,"('夫妻', 0.9878133535385132)"
薛蝌,贾赦,"('夫妻', 0.9771202802658081)"
尤三姐,贾珍,"('unknown', 0.993827760219574)"
张华,尤二姐,"('unknown', 0.9412559866905212)"
贾珍,尤二姐,"('父母', 0.6840180158615112)"
贾珍,张华,"('父母', 0.7806739807128906)"
贾政,贾赦,"('兄弟姐妹', 0.9881148338317871)"
贾珍,贾赦,"('unknown', 0.9733473062515259)"
贾蓉,贾赦,"('unknown', 0.8057590126991272)"
贾琏,贾赦,"('父母', 0.9958892464637756)"
贾珍,贾政,"('unknown', 0.43981245160102844)"
贾蓉,贾政,"('unknown', 0.7168809771537781)"
贾琏,贾政,"('unknown', 0.8200490474700928)"
贾蓉,贾珍,"('父母', 0.9954357743263245)"
贾琏,贾珍,"('夫妻', 0.4878314435482025)"
贾琏,贾蓉,"('父母', 0.914894163608551)"
贾珍,贾赦,"('兄弟姐妹', 0.9389865398406982)"
贾珍,贾赦,"('父母', 0.772822916507721)"
尤氏,邢夫人,"('父母', 0.845670223236084)"
贾政,贾赦,"('兄弟姐妹', 0.9992141723632812)"
贾珍,贾赦,"('unknown', 0.5310443639755249)"
贾珍,贾政,"('兄弟姐妹', 0.679574191570282)"
尤氏,邢夫人,"('夫妻', 0.9929587841033936)"
贾雨村,贾政,"('好友', 0.8807690143585205)"
李纹,李婶娘,"('父母', 0.8192377686500549)"
薛姨妈,李婶娘,"('兄弟姐妹', 0.9715360999107361)"
李绮,李婶娘,"('父母', 0.6668062806129456)"
薛姨妈,李纹,"('unknown', 0.8112069368362427)"
李绮,李纹,"('兄弟姐妹', 0.8742132186889648)"
李绮,薛姨妈,"('unknown', 0.697101354598999)"
鸳鸯,李纨,"('unknown', 0.8707603216171265)"
秋纹,袭人,"('unknown', 0.5692504048347473)"
鸳鸯,王夫人,"('父母', 0.70987468957901)"
彩云,邢夫人,"('父母', 0.9700657725334167)"
王夫人,邢夫人,"('unknown', 0.9890095591545105)"
王夫人,彩云,"('父母', 0.682725727558136)"
贾琏,邢夫人,"('夫妻', 0.98956698179245)"
琥珀,鸳鸯,"('unknown', 0.5373040437698364)"
贾琏,贾政,"('父母', 0.7480882406234741)"
贾琏,赖大,"('夫妻', 0.9970218539237976)"
贾琏,贾政,"('父母', 0.9770625829696655)"
王夫人,邢夫人,"('亲戚', 0.3082175850868225)"
贾政,邢夫人,"('夫妻', 0.9988182187080383)"
贾琏,贾蓉,"('父母', 0.7767436504364014)"
鸳鸯,邢夫人,"('父母', 0.6630803942680359)"
王夫人,邢夫人,"('父母', 0.7702027559280396)"
李纨,王夫人,"('unknown', 0.9020023941993713)"
贾政,珍珠,"('unknown', 0.9297428131103516)"
琥珀,珍珠,"('unknown', 0.7293621301651001)"
贾琏,珍珠,"('夫妻', 0.8868231177330017)"
琥珀,贾政,"('unknown', 0.9987391829490662)"
贾琏,贾政,"('父母', 0.47812333703041077)"
贾琏,琥珀,"('夫妻', 0.9532190561294556)"
鸳鸯,王夫人,"('兄弟姐妹', 0.4392218291759491)"
鸳鸯,邢夫人,"('unknown', 0.9210865497589111)"
贾琏,邢夫人,"('夫妻', 0.9983104467391968)"
贾琏,鸳鸯,"('夫妻', 0.9826090335845947)"
贾芸,林之孝,"('夫妻', 0.920120894908905)"
鸳鸯,贾芸,"('夫妻', 0.9559373259544373)"
贾芸,妙玉,"('unknown', 0.6116644144058228)"
贾政,贾芸,"('兄弟姐妹', 0.9900436401367188)"
贾琏,贾芸,"('父母', 0.9750451445579529)"
鸳鸯,珍珠,"('unknown', 0.9279252886772156)"
琥珀,珍珠,"('unknown', 0.5356478095054626)"
琥珀,鸳鸯,"('unknown', 0.9041514992713928)"
贾芸,林之孝,"('父母', 0.9674621820449829)"
贾琏,林之孝,"('夫妻', 0.845569908618927)"
贾琏,贾芸,"('父母', 0.996846616268158)"
贾琏,贾芸,"('父母', 0.7877147197723389)"
贾芸,林之孝,"('夫妻', 0.845608651638031)"
丰儿,妙玉,"('unknown', 0.8280742764472961)"
彩屏,妙玉,"('好友', 0.9692671895027161)"
贾琏,贾政,"('父母', 0.9158839583396912)"
贾政,赵姨娘,"('夫妻', 0.9980858564376831)"
周瑞,贾环,"('父母', 0.7963701486587524)"
周瑞,林之孝,"('unknown', 0.9980289340019226)"
周瑞,贾政,"('夫妻', 0.5864697098731995)"
贾政,林之孝,"('兄弟姐妹', 0.752013087272644)"
贾政,赖大,"('unknown', 0.6318494081497192)"
贾琏,赖大,"('夫妻', 0.9984496831893921)"
贾琏,贾政,"('父母', 0.668054461479187)"
贾琏,尤二姐,"('夫妻', 0.9834317564964294)"
鲍二家的,平儿,"('unknown', 0.9924154281616211)"
贾瑞,平儿,"('unknown', 0.7693477869033813)"
贾瑞,鲍二家的,"('父母', 0.9176855087280273)"
刘姥姥,青儿,"('祖孙', 0.9938042163848877)"
刘姥姥,平儿,"('父母', 0.9709588885307312)"
贾琏,平儿,"('夫妻', 0.9995748400688171)"
刘姥姥,王夫人,"('父母', 0.985401451587677)"
刘姥姥,青儿,"('unknown', 0.9760770201683044)"
平儿,赖大,"('unknown', 0.6301202774047852)"
贾政,赖大,"('unknown', 0.8147134780883789)"
王仁,赖大,"('unknown', 0.6819103360176086)"
贾琏,赖大,"('夫妻', 0.9935558438301086)"
贾政,平儿,"('unknown', 0.8179571032524109)"
王仁,平儿,"('unknown', 0.9603680968284607)"
贾琏,平儿,"('夫妻', 0.9978518486022949)"
王仁,贾政,"('unknown', 0.9846541285514832)"
贾琏,贾政,"('父母', 0.831270694732666)"
贾琏,王仁,"('夫妻', 0.8695478439331055)"
贾琏,王仁,"('夫妻', 0.9991751313209534)"
贾琏,平儿,"('夫妻', 0.9995310306549072)"
秋桐,平儿,"('夫妻', 0.475651353597641)"
贾琏,平儿,"('夫妻', 0.998677670955658)"
贾琏,秋桐,"('夫妻', 0.9996765851974487)"
贾琏,贾政,"('unknown', 0.8307874798774719)"
贾琏,贾政,"('父母', 0.9864288568496704)"
彩屏,尤氏,"('unknown', 0.6507151126861572)"
彩屏,尤氏,"('夫妻', 0.41348227858543396)"
贾政,王夫人,"('夫妻', 0.9142311215400696)"
甄宝玉,王夫人,"('父母', 0.8535686135292053)"
甄宝玉,贾政,"('unknown', 0.9667509198188782)"
甄宝玉,贾政,"('父母', 0.9615004658699036)"
甄宝玉,贾兰,"('unknown', 0.3543178141117096)"
甄宝玉,贾兰,"('unknown', 0.5121589303016663)"
甄宝玉,王夫人,"('父母', 0.9652217626571655)"
贾环,贾兰,"('父母', 0.9865185618400574)"
李绮,王夫人,"('unknown', 0.987893283367157)"
李纨,王夫人,"('unknown', 0.8544045686721802)"
甄宝玉,王夫人,"('父母', 0.7998350858688354)"
李纨,李绮,"('兄弟姐妹', 0.9928679466247559)"
甄宝玉,李绮,"('unknown', 0.987190306186676)"
甄宝玉,李纨,"('unknown', 0.9669917225837708)"
王夫人,尤氏,"('父母', 0.8130664229393005)"
贾琏,贾政,"('父母', 0.49838459491729736)"
贾政,王夫人,"('夫妻', 0.9884263277053833)"
贾琏,王夫人,"('夫妻', 0.9425796270370483)"
贾琏,贾政,"('父母', 0.7524470686912537)"
贾政,王夫人,"('夫妻', 0.9989539384841919)"
贾政,王夫人,"('夫妻', 0.9990460276603699)"
贾政,王夫人,"('夫妻', 0.9992105960845947)"
王夫人,袭人,"('父母', 0.899726390838623)"
王夫人,袭人,"('父母', 0.4332623779773712)"
麝月,袭人,"('unknown', 0.9897828698158264)"
麝月,王夫人,"('父母', 0.5189810395240784)"
贾琏,贾政,"('父母', 0.9608240723609924)"
贾蓉,贾政,"('unknown', 0.9490818381309509)"
贾琏,贾政,"('unknown', 0.8432640433311462)"
贾琏,贾蓉,"('父母', 0.6916919350624084)"
贾琏,赖尚荣,"('夫妻', 0.9995318651199341)"
贾政,王夫人,"('夫妻', 0.7582767009735107)"
贾琏,王夫人,"('父母', 0.6843900084495544)"
贾琏,贾政,"('unknown', 0.7379171252250671)"
麝月,袭人,"('unknown', 0.9142753481864929)"
贾琏,尤氏,"('夫妻', 0.9621632695198059)"
贾琏,王仁,"('夫妻', 0.9846422076225281)"
贾芸,贾蔷,"('父母', 0.9974857568740845)"
贾琏,贾蔷,"('unknown', 0.8957391381263733)"
贾琏,贾芸,"('父母', 0.8105206489562988)"
贾环,王仁,"('unknown', 0.8544130921363831)"
贾芸,贾蔷,"('父母', 0.9981800317764282)"
贾环,赵姨娘,"('父母', 0.9264445304870605)"
尤氏,贾蔷,"('夫妻', 0.45191675424575806)"
彩屏,王夫人,"('父母', 0.8665998578071594)"
彩屏,紫鹃,"('unknown', 0.8835717439651489)"
紫鹃,王夫人,"('夫妻', 0.9980190992355347)"
王仁,贾芸,"('夫妻', 0.9220207333564758)"
王夫人,邢夫人,"('unknown', 0.5344059467315674)"
贾芸,邢夫人,"('父母', 0.7621296644210815)"
王仁,邢夫人,"('父母', 0.5467818975448608)"
王仁,贾芸,"('情侣', 0.8375712633132935)"
王夫人,平儿,"('unknown', 0.8625612258911133)"
李纨,平儿,"('unknown', 0.9862774014472961)"
李纨,王夫人,"('unknown', 0.511181116104126)"
王夫人,邢夫人,"('unknown', 0.9484394192695618)"
王仁,邢夫人,"('亲戚', 0.40557244420051575)"
王仁,王夫人,"('unknown', 0.37652841210365295)"
平儿,邢夫人,"('父母', 0.6758658289909363)"
王夫人,邢夫人,"('unknown', 0.7795525193214417)"
王夫人,平儿,"('unknown', 0.7817749381065369)"
王夫人,平儿,"('父母', 0.5668350458145142)"
王夫人,李婶娘,"('父母', 0.8242720365524292)"
李绮,李婶娘,"('父母', 0.5449683666229248)"
甄宝玉,李婶娘,"('unknown', 0.8672033548355103)"
李绮,王夫人,"('夫妻', 0.9194234609603882)"
甄宝玉,王夫人,"('unknown', 0.5396547913551331)"
甄宝玉,李绮,"('好友', 0.37130749225616455)"
王夫人,贾兰,"('父母', 0.7160170674324036)"
贾兰,李婶娘,"('unknown', 0.8845928311347961)"
李纨,李婶娘,"('父母', 0.5733726620674133)"
李纨,贾兰,"('父母', 0.9973769187927246)"
莺儿,袭人,"('unknown', 0.9686205983161926)"
晴雯,袭人,"('unknown', 0.9801579117774963)"
晴雯,莺儿,"('unknown', 0.9084101319313049)"
王夫人,袭人,"('unknown', 0.9992207288742065)"
李纨,袭人,"('unknown', 0.998749852180481)"
李纨,王夫人,"('父母', 0.9618682861328125)"
王夫人,贾兰,"('父母', 0.9197512865066528)"
李纨,王夫人,"('父母', 0.5240001678466797)"
贾环,邢夫人,"('父母', 0.973854660987854)"
平儿,邢夫人,"('unknown', 0.9924693703651428)"
王夫人,邢夫人,"('unknown', 0.992837131023407)"
贾琏,邢夫人,"('夫妻', 0.7840781211853027)"
王夫人,平儿,"('unknown', 0.994653582572937)"
贾琏,平儿,"('夫妻', 0.9984947443008423)"
贾琏,王夫人,"('夫妻', 0.7857561707496643)"
贾芸,邢夫人,"('父母', 0.6450111865997314)"
平儿,邢夫人,"('父母', 0.9690811634063721)"
平儿,邢夫人,"('父母', 0.7115731239318848)"
王夫人,平儿,"('unknown', 0.9950665235519409)"
贾芸,平儿,"('夫妻', 0.887953519821167)"
贾芸,王夫人,"('夫妻', 0.9504310488700867)"
王仁,王夫人,"('亲戚', 0.34872639179229736)"
贾环,王夫人,"('父母', 0.973097562789917)"
贾环,王仁,"('unknown', 0.8856155276298523)"
刘姥姥,平儿,"('父母', 0.946184515953064)"
王夫人,平儿,"('夫妻', 0.9224916696548462)"
平儿,邢夫人,"('父母', 0.8018155694007874)"
王夫人,邢夫人,"('unknown', 0.5260527729988098)"
王夫人,平儿,"('unknown', 0.916232705116272)"
刘姥姥,青儿,"('父母', 0.6184073686599731)"
王仁,贾芸,"('夫妻', 0.991635799407959)"
贾环,贾芸,"('父母', 0.9968480467796326)"
王仁,贾芸,"('unknown', 0.6892626285552979)"
贾环,贾芸,"('父母', 0.9985945820808411)"
贾环,王仁,"('unknown', 0.9827001094818115)"
贾环,王夫人,"('父母', 0.994362473487854)"
李纨,王夫人,"('父母', 0.8549721240997314)"
王夫人,袭人,"('unknown', 0.8326383233070374)"
王夫人,贾兰,"('父母', 0.6140487194061279)"
李纨,王夫人,"('父母', 0.6818949580192566)"
李纨,王夫人,"('父母', 0.7704968452453613)"
甄宝玉,贾兰,"('父母', 0.8238444924354553)"
贾宝玉,贾兰,"('unknown', 0.4945152699947357)"
贾琏,板儿,"('夫妻', 0.9262263774871826)"
贾琏,刘姥姥,"('夫妻', 0.8565170168876648)"
青儿,平儿,"('unknown', 0.991746187210083)"
刘姥姥,平儿,"('unknown', 0.8495404720306396)"
刘姥姥,青儿,"('父母', 0.9109781980514526)"
贾琏,贾赦,"('父母', 0.9990081191062927)"
贾琏,邢夫人,"('夫妻', 0.9964307546615601)"
贾琏,贾赦,"('父母', 0.9988613128662109)"
贾琏,贾环,"('父母', 0.973188579082489)"
王夫人,邢夫人,"('unknown', 0.9929083585739136)"
贾琏,邢夫人,"('夫妻', 0.964218020439148)"
贾琏,王夫人,"('夫妻', 0.3492157459259033)"
刘姥姥,平儿,"('unknown', 0.9686004519462585)"
贾琏,平儿,"('夫妻', 0.999508261680603)"
贾琏,刘姥姥,"('夫妻', 0.9000216722488403)"
王夫人,邢夫人,"('unknown', 0.8985270261764526)"
刘姥姥,邢夫人,"('父母', 0.9017444849014282)"
刘姥姥,王夫人,"('父母', 0.7325955629348755)"
贾芸,王夫人,"('夫妻', 0.9892969727516174)"
贾蓉,贾政,"('unknown', 0.6401838064193726)"
薛蟠,薛姨妈,"('父母', 0.9990154504776001)"
薛姨妈,香菱,"('兄弟姐妹', 0.991279661655426)"
王夫人,贾兰,"('父母', 0.9918602108955383)"
贾政,贾赦,"('兄弟姐妹', 0.9990170001983643)"
贾珍,贾赦,"('unknown', 0.7273629903793335)"
贾珍,贾政,"('兄弟姐妹', 0.4921252727508545)"
刘姥姥,贾赦,"('unknown', 0.8808209300041199)"
贾琏,贾赦,"('父母', 0.998777449131012)"
贾琏,刘姥姥,"('unknown', 0.7902040481567383)"
王夫人,袭人,"('夫妻', 0.439784973859787)"
王夫人,袭人,"('父母', 0.7003515958786011)"
薛姨妈,袭人,"('兄弟姐妹', 0.9158623814582825)"
薛姨妈,王夫人,"('兄弟姐妹', 0.9967028498649597)"
花自芳,王夫人,"('夫妻', 0.9980382323265076)"
王夫人,袭人,"('夫妻', 0.5209567546844482)"
王夫人,袭人,"('父母', 0.5419889092445374)"
蒋玉菡,袭人,"('unknown', 0.48567837476730347)"
香菱,警幻仙子,"('unknown', 0.5468453764915466)"
